review,age,gender,companion,word,recommend
"池袋西口のSHOGUN BARでは、抹茶カクテルの味わい深さに感動しました。香りも豊かで、甘さ控えめのバランスが絶妙。飲み比べでは、獺祭2割3分や山廃仕込みの日本酒などが揃っていて、味わいの違いも楽しめます。日本酒にこだわりたい方にとって、満足度の高いラインナップでした。",30s,Male,一人,池袋西口|SHOGUN BAR|抹茶カクテル|獺祭2割3分|山廃仕込みの日本酒|飲み比べ|日本酒,日本酒好きに
"抹茶カクテルの味わいが秀逸で、和の要素を感じながらお酒を楽しめるのが良かったです。池袋西口のSHOGUN BARは内装も上品で、落ち着いた時間を過ごせます。飲み比べセットでは、獺祭2割3分や山廃仕込みの日本酒をゆっくり味わうことができ、日本酒好きには最高の空間でした。",30s,Male,一人,池袋西口|SHOGUN BAR|抹茶カクテル|獺祭2割3分|山廃仕込みの日本酒|飲み比べ|日本酒|内装,日本酒好きに
"池袋西口のSHOGUN BARでは、武将をテーマにした日本酒を飲みながら、日本文化に触れる時間を過ごせました。完全予約制の落ち着いた空間は特別感があり、飲み放題プランの内容も充実。お酒にこだわりたい方や、いつもと違う雰囲気を楽しみたい方にぜひおすすめしたいお店です。",30s,Female,同僚,池袋西口|SHOGUN BAR|武将をテーマに選んだ日本酒|飲み放題|日本文化|完全予約制,いつもと違うデートに
"池袋西口のSHOGUN BARは、日本酒を深く味わいたい人にぴったりの場所です。飲み比べメニューには獺祭2割3分や山廃仕込みの日本酒など、銘柄ごとの特徴がはっきり感じられるセレクトが揃っていて、どれも個性的でした。完全予約制なので静かに過ごせる点も魅力的。日本酒好きにおすすめの一軒です。",30s,Female,同僚,池袋西口|SHOGUN BAR|飲み比べ|獺祭2割3分|山廃仕込みの日本酒|完全予約制|日本酒,日本酒好きに
"SHOGUN BARでは、侍のコスプレ体験や飲み比べが楽しめるなど、日本文化をテーマにした演出が充実していました。池袋にあるこのバーは、内装も和モダンで統一感があり、体験型のコンテンツも満載。抹茶カクテルや日本酒の種類も豊富で、和テイストのお酒を味わいたい方にぴったりの空間です。池袋観光の思い出におすすめの一軒です。",30s,Female,同僚,池袋|SHOGUN BAR|侍のコスプレ体験|飲み比べ|抹茶カクテル|日本酒|日本文化,池袋観光の思い出に
"日本酒が好きな方にぜひ紹介したいのが池袋のこのバー。飲み比べのセレクトがとてもユニークで、獺祭2割3分など人気銘柄だけでなく、味わいの異なる清酒が多数揃っていました。スタッフの説明も丁寧で、初心者でも安心して楽しめる構成になっています。日本酒好きにおすすめの一軒です。",30s,Female,一人,池袋|バー|飲み比べ|獺祭2割3分|清酒|日本酒,日本酒好きに
"池袋西口にあるSHOGUN BARでは、抹茶カクテルの風味が本格的で驚きました。濃厚な抹茶の香りがありながらも後味はすっきりしていて、和のテイストを堪能できます。飲み放題でも手を抜かない内容で、清酒や日本酒のラインナップが充実していました。日本酒好きにおすすめの一軒です。",30s,Male,同僚,池袋西口|SHOGUN BAR|抹茶カクテル|飲み放題|清酒|日本酒,日本酒好きに
"英語メニューや体験型のコンテンツが充実していて、外国人観光客にも伝わりやすいバーだと感じました。池袋のSHOGUN BARでは、侍のコスプレ体験や日本酒の飲み比べなど、文化的な要素も含まれており、日本らしい夜を楽しみたい方には最適。外国人観光客におすすめの一軒です。",30s,Female,同僚,池袋|SHOGUN BAR|英語メニュー|侍のコスプレ体験|飲み比べ|日本酒|日本文化,外国人観光客に
"SHOGUN BARの魅力は、日本文化を感じる要素が店内のいたる所に盛り込まれていること。池袋にあるこのエンタメバーでは、抹茶カクテルのようなオリジナルドリンクや、武将をテーマにした日本酒が味わえるなど、体験価値が高いです。外国の方にも楽しんでもらえるような設計がされていて、観光中にも使えるお店です。外国人観光客におすすめの一軒です。",30s,Female,同僚,池袋|エンタメバー|抹茶カクテル|武将をテーマに選んだ日本酒|日本酒|日本文化|英語メニュー,外国人観光客に
"池袋西口のSHOGUN BARで体験した飲み比べは、単なるお酒の比較にとどまらず、文化を感じる時間でした。獺祭や清酒など定番の日本酒も揃っており、スタッフの解説と合わせて楽しめます。完全予約制のため騒がしさがなく、日本酒に集中できる環境が整っていました。日本酒好きにおすすめの一軒です。",30s,Female,一人,池袋西口|SHOGUN BAR|飲み比べ|獺祭2割3分|清酒|日本酒|完全予約制,日本酒好きに
"外国人の方にも分かりやすい英語メニューと、和の文化体験が用意された構成は、SHOGUN BARならではの強みだと思います。池袋西口というアクセスの良さもあり、海外からの観光客にもおすすめできるお店。飲み比べや侍コスプレ体験など、日本酒以外にも記憶に残る要素が多くありました。外国人観光客におすすめの一軒です。",30s,Male,同僚,池袋西口|SHOGUN BAR|英語メニュー|侍のコスプレ体験|飲み比べ|日本酒|日本文化,外国人観光客に
"池袋のこのバーでは、ウィスキーと日本酒をどちらも本格的に楽しめるのが魅力でした。響21年のまろやかさには驚き、日本酒の飲み比べでは山廃仕込みの一本が印象に残りました。和文化を感じる演出もあり、食事なしでも満足度の高い夜を過ごせます。日本酒好きにおすすめの一軒です。",30s,Male,同僚,池袋|バー|響21年|ウィスキー|日本酒|飲み比べ|山廃仕込みの日本酒|和文化を体験,日本酒好きに